{
    "type": "FeatureCollection",
    "name": "outlets",
    "crs":
    {
        "type": "name",
        "properties":
        {
            "name": "urn:ogc:def:crs:EPSG::32640"
        }
    },
    "features": [
  {
    "type": "Feature",
    "properties": {
      "NAME_AR": "ميناء الدقم (بحري)",
      "NAME_EN": "AL DUQM (SEA PORT)",
      "X_COORDS_A": 57.710405,
      "Y_COORDS_A": 57.710405,
      "Code": "87",
      "PointofEnt": "بحري",
      "type": "sea",
      "POE_CODE": 87,
      "ENG_DESC": "AL DUQM",
      "ARB_DESC": "ميناء الدقم (بحري)",
      "POE_MODE": 1
    },
    "geometry": {
      "type": "Point",
      "coordinates": [
        57.71040534458843,
        19.66301378139523
      ]
    }
  },
  {
    "type": "Feature",
    "properties": {
      "NAME_AR": "ميناء خصب البحري",
      "NAME_EN": "KHASAB (SEA PORT)",
      "X_COORDS_A": 56.244506,
      "Y_COORDS_A": 56.244506,
      "Code": "11",
      "PointofEnt": "بحري",
      "type": "sea",
      "POE_CODE": 11,
      "ENG_DESC": "KHASAB ",
      "ARB_DESC": "ميناء خصب البحري",
      "POE_MODE": 1
    },
    "geometry": {
      "type": "Point",
      "coordinates": [
        56.244505643254556,
        26.205905048603487
      ]
    }
  },
  {
    "type": "Feature",
    "properties": {
      "NAME_AR": "ميناء صحار",
      "NAME_EN": "SOHAR (SEA PORT)",
      "X_COORDS_A": 56.614385,
      "Y_COORDS_A": 56.614385,
      "Code": "71",
      "PointofEnt": "بحري",
      "type": "sea",
      "POE_CODE": 71,
      "ENG_DESC": "SOHAR ",
      "ARB_DESC": "ميناء صحار",
      "POE_MODE": 1
    },
    "geometry": {
      "type": "Point",
      "coordinates": [
        56.61438514679183,
        24.48918735799719
      ]
    }
  },
  {
    "type": "Feature",
    "properties": {
      "NAME_AR": "ميناء صلالة",
      "NAME_EN": "MINA SALALAH (BORDER POST)",
      "X_COORDS_A": 54.009467,
      "Y_COORDS_A": 54.009467,
      "Code": "21",
      "PointofEnt": "بحري",
      "type": "sea",
      "POE_CODE": 21,
      "ENG_DESC": "MINA SALALAH ",
      "ARB_DESC": "ميناء صلالة",
      "POE_MODE": 1
    },
    "geometry": {
      "type": "Point",
      "coordinates": [
        54.00946749679051,
        16.936696105914134
      ]
    }
  },
  {
    "type": "Feature",
    "properties": {
      "NAME_AR": "ميناء شناص ( يحري)",
      "NAME_EN": "SHINAS (SEA PORT)",
      "X_COORDS_A": 56.471559,
      "Y_COORDS_A": 56.471559,
      "Code": "32",
      "PointofEnt": "بحري",
      "type": "sea",
      "POE_CODE": 32,
      "ENG_DESC": "SHINAS ",
      "ARB_DESC": "ميناء شناص ( يحري)",
      "POE_MODE": 1
    },
    "geometry": {
      "type": "Point",
      "coordinates": [
        56.471559061975725,
        24.745990555220924
      ]
    }
  },
  {
    "type": "Feature",
    "properties": {
      "NAME_AR": "ميناء السلطان قابوس (بحري)",
      "NAME_EN": "MINA SULTAN QABOOS (SEA PORT)",
      "X_COORDS_A": 58.564145,
      "Y_COORDS_A": 58.564145,
      "Code": "01",
      "PointofEnt": "بحري",
      "type": "sea",
      "POE_CODE": 1,
      "ENG_DESC": "MINA SULTAN QABOOS ",
      "ARB_DESC": "ميناء السلطان قابوس (بحري)",
      "POE_MODE": 1
    },
    "geometry": {
      "type": "Point",
      "coordinates": [
        58.564144774639786,
        23.629398435917675
      ]
    }
  },
  {
    "type": "Feature",
    "properties": {
      "NAME_AR": "مطار مسقط (الركاب)",
      "NAME_EN": "MUSCAT AIRPORT (PASSENGER)",
      "X_COORDS_A": 58.29124,
      "Y_COORDS_A": 58.29124,
      "Code": "50",
      "PointofEnt": "جوي",
      "type": "air",
      "POE_CODE": 50,
      "ENG_DESC": "MUSCAT AIRPORT (PASSENGER)",
      "ARB_DESC": "مطار مسقط (الركاب)",
      "POE_MODE": 3
    },
    "geometry": {
      "type": "Point",
      "coordinates": [
        58.291240296168716,
        23.5886670926319
      ]
    }
  },
  {
    "type": "Feature",
    "properties": {
      "NAME_AR": "مطار صلالة (الركاب)",
      "NAME_EN": "SALALAH AIRPORT (PASSENGER)",
      "X_COORDS_A": 54.088326,
      "Y_COORDS_A": 54.088326,
      "Code": "20",
      "PointofEnt": "جوي",
      "type": "air",
      "POE_CODE": 20,
      "ENG_DESC": "SALALAH AIRPORT (PASSENGER)",
      "ARB_DESC": "مطار صلالة (الركاب)",
      "POE_MODE": 3
    },
    "geometry": {
      "type": "Point",
      "coordinates": [
        54.08832556224912,
        17.04666426223659
      ]
    }
  },
  {
    "type": "Feature",
    "properties": {
      "NAME_AR": "مكتب بريد صلاله",
      "NAME_EN": "SALALAH POST OFFICE",
      "X_COORDS_A": 54.091424,
      "Y_COORDS_A": 54.091424,
      "Code": "28",
      "PointofEnt": "جوي",
      "type": "air",
      "POE_CODE": 28,
      "ENG_DESC": "SALALAH POST OFFICE",
      "ARB_DESC": "مكتب بريد صلاله",
      "POE_MODE": 3
    },
    "geometry": {
      "type": "Point",
      "coordinates": [
        54.091423916120725,
        17.01936549258382
      ]
    }
  },
  {
    "type": "Feature",
    "properties": {
      "NAME_AR": "مكتب بريد روي",
      "NAME_EN": "RUWI POST OFFICE",
      "X_COORDS_A": 58.541487,
      "Y_COORDS_A": 58.541487,
      "Code": "07",
      "PointofEnt": "جوي",
      "type": "air",
      "POE_CODE": 7,
      "ENG_DESC": "RUWI POST OFFICE",
      "ARB_DESC": "مكتب بريد روي",
      "POE_MODE": 3
    },
    "geometry": {
      "type": "Point",
      "coordinates": [
        58.541487150193205,
        23.588429045835007
      ]
    }
  },
  {
    "type": "Feature",
    "properties": {
	  "NAME_AR": "منفذ المدينة اللوجستية (بري)",
      "NAME_EN": "ALMADINA LOGIST (BORDER POST)",
      "X_COORDS_A": 57.973221,
      "Y_COORDS_A": 23.672248,
      "Code": "63",
      "PointofEnt": "بري",
      "type": "land",
      "POE_CODE": 63,
      "ENG_DESC": "ALMADINA LOGIST",
      "ARB_DESC": "منفذ المدينة اللوجستية (بري)",
      "POE_MODE": 2
    },
    "geometry": {
      "type": "Point",
      "coordinates": [
        57.973221,
        23.672248
      ]
    }
  },
  {
    "type": "Feature",
    "properties": {
      "NAME_AR": "منفذ المزيونة (بري)",
      "NAME_EN": "AL.MAZYOONA (BORDER POST)",
      "X_COORDS_A": 52.629484,
      "Y_COORDS_A": 52.629484,
      "Code": "29",
      "PointofEnt": "بري",
      "type": "land",
      "POE_CODE": 29,
      "ENG_DESC": "AL.MAZYOONA (BORDER POST)",
      "ARB_DESC": "منفذ المزيونة (بري)",
      "POE_MODE": 2
    },
    "geometry": {
      "type": "Point",
      "coordinates": [
        52.629483880173915,
        17.83924491956839
      ]
    }
  },
  {
    "type": "Feature",
    "properties": {
      "NAME_AR": "منفذ الداره",
      "NAME_EN": "AL DAARA(BORDER POST)",
      "X_COORDS_A": 56.087673,
      "Y_COORDS_A": 56.087673,
      "Code": "12",
      "PointofEnt": "بري",
      "type": "land",
      "POE_CODE": 12,
      "ENG_DESC": "AL DAARA(BORDER POST)",
      "ARB_DESC": "منفذ الداره",
      "POE_MODE": 2
    },
    "geometry": {
      "type": "Point",
      "coordinates": [
        56.08767311019306,
        26.052068319785818
      ]
    }
  },
  {
    "type": "Feature",
    "properties": {
      "NAME_AR": "منفذ البريمي (بري)",
      "NAME_EN": "AL.BURAIMI (BORDER POST)",
      "X_COORDS_A": 55.807558,
      "Y_COORDS_A": 55.807558,
      "Code": "43",
      "PointofEnt": "بري",
      "type": "land",
      "POE_CODE": 43,
      "ENG_DESC": "AL.BURAIMI (BORDER POST)",
      "ARB_DESC": "منفذ البريمي (بري)",
      "POE_MODE": 2
    },
    "geometry": {
      "type": "Point",
      "coordinates": [
        55.80755820434007,
        24.251980861972772
      ]
    }
  },
  {
    "type": "Feature",
    "properties": {
      "NAME_AR": "منفذ خطمه الملاحه (بري)",
      "NAME_EN": "KHATMAT MILAHA (BORDER  POST)",
      "X_COORDS_A": 56.365511,
      "Y_COORDS_A": 56.365511,
      "Code": "30",
      "PointofEnt": "بري",
      "type": "land",
      "POE_CODE": 30,
      "ENG_DESC": "KHATMAT MILAHA (BORDER  POST)",
      "ARB_DESC": "منفذ خطمه الملاحه (بري)",
      "POE_MODE": 2
    },
    "geometry": {
      "type": "Point",
      "coordinates": [
        56.36551115202491,
        24.9749780580556
      ]
    }
  },
  {
    "type": "Feature",
    "properties": {
      "NAME_AR": "منفذ الوجاجه (بري)",
      "NAME_EN": "AL.WAJAJAH (BORDER POST)",
      "X_COORDS_A": 56.296307,
      "Y_COORDS_A": 56.296307,
      "Code": "36",
      "PointofEnt": "بري",
      "type": "land",
      "POE_CODE": 36,
      "ENG_DESC": "AL.WAJAJAH (BORDER POST)",
      "ARB_DESC": "منفذ الوجاجه (بري)",
      "POE_MODE": 2
    },
    "geometry": {
      "type": "Point",
      "coordinates": [
        56.296307169675224,
        24.784809979945436
      ]
    }
  },
  {
    "type": "Feature",
    "properties": {
      "NAME_AR": "منفذ وادي الجزي  (بري)",
      "NAME_EN": "WADI JIZZI (BORDER POST)",
      "X_COORDS_A": 56.162724,
      "Y_COORDS_A": 56.162724,
      "Code": "40",
      "PointofEnt": "بري",
      "type": "land",
      "POE_CODE": 40,
      "ENG_DESC": "WADI JIZZI (BORDER POST)",
      "ARB_DESC": "منفذ وادي الجزي  (بري)",
      "POE_MODE": 2
    },
    "geometry": {
      "type": "Point",
      "coordinates": [
        56.162723943450494,
        24.223841894568213
      ]
    }
  },
  {
    "type": "Feature",
    "properties": {
      "NAME_AR": "مطار مسقط  (الشحن)",
      "NAME_EN": "MUSACT  AIRPORT (CARGO)",
      "X_COORDS_A": 58.285179,
      "Y_COORDS_A": 58.285179,
      "Code": "56",
      "PointofEnt": "جوي",
      "type": "air",
      "POE_CODE": 56,
      "ENG_DESC": "MUSACT  AIRPORT (CARGO)",
      "ARB_DESC": "مطار مسقط  (الشحن)",
      "POE_MODE": 3
    },
    "geometry": {
      "type": "Point",
      "coordinates": [
        58.285179209566095,
        23.587645576205247
      ]
    }
  },
  {
    "type": "Feature",
    "properties": {
      "NAME_AR": "مكتب البريد المركزي",
      "NAME_EN": "CENTRAL POST OFFICE",
      "X_COORDS_A": 58.292472,
      "Y_COORDS_A": 58.292472,
      "Code": "09",
      "PointofEnt": "جوي",
      "type": "air",
      "POE_CODE": 9,
      "ENG_DESC": "CENTRAL POST OFFICE",
      "ARB_DESC": "مكتب البريد المركزي",
      "POE_MODE": 3
    },
    "geometry": {
      "type": "Point",
      "coordinates": [
        58.292471674214646,
        23.583342538578112
      ]
    }
  },
  {
    "type": "Feature",
    "properties": {
      "NAME_AR": "منفذ حفيت (بري) ",
      "NAME_EN": "HAFEET (BORDER  POST)",
      "X_COORDS_A": 55.846715,
      "Y_COORDS_A": 55.846715,
      "Code": "42",
      "PointofEnt": "بري",
      "type": "land",
      "POE_CODE": 42,
      "ENG_DESC": "HAFEET (BORDER  POST)",
      "ARB_DESC": "منفذ حفيت (بري) ",
      "POE_MODE": 2
    },
    "geometry": {
      "type": "Point",
      "coordinates": [
        55.84671466081508,
        24.013947577583057
      ]
    }
  },
  {
    "type": "Feature",
    "properties": {
      "NAME_AR": "منفذ دبا",
      "NAME_EN": "DIBA PORT",
      "X_COORDS_A": 56.430226,
      "Y_COORDS_A": 56.430226,
      "Code": "78",
      "PointofEnt": "بحري",
      "type": "sea",
      "POE_CODE": 78,
      "ENG_DESC": "BEYAH SEA PORT",
      "ARB_DESC": "منفذ دبا",
      "POE_MODE": 2
    },
    "geometry": {
      "type": "Point",
      "coordinates": [
        56.430226390746576,
        25.937157969301044
      ]
    }
  },
  {
    "type": "Feature",
    "properties": {
      "NAME_AR": "ميناء صور",
      "NAME_EN": "SUR (SEA PORT)",
      "X_COORDS_A": 59.528921,
      "Y_COORDS_A": 59.528921,
      "Code": "84",
      "PointofEnt": "بحري",
      "type": "sea",
      "POE_CODE": 84,
      "ENG_DESC": "SUR ",
      "ARB_DESC": "ميناء صور",
      "POE_MODE": 1
    },
    "geometry": {
      "type": "Point",
      "coordinates": [
        59.52892149123,
        22.577090191343157
      ]
    }
  },
  {
    "type": "Feature",
    "properties": {
      "NAME_AR": "الادارة العامه للجمارك (بري)",
      "NAME_EN": "DIRECTORATE GENERAL OF CUSTOMS (BORDER POST)",
      "X_COORDS_A": 58.290706,
      "Y_COORDS_A": 58.290706,
      "Code": "06",
      "PointofEnt": "بري",
      "type": "land",
      "POE_CODE": 6,
      "ENG_DESC": "DIRECTORATE GENERAL OF CUSTOMS (BORDER POST)",
      "ARB_DESC": "الادارة العامه للجمارك (بري)",
      "POE_MODE": 2
    },
    "geometry": {
      "type": "Point",
      "coordinates": [
        58.29070627392197,
        23.58331170933766
      ]
    }
  },
  {
    "type": "Feature",
    "properties": {
      "NAME_AR": "ميناء طيوي",
      "NAME_EN": "TIWA (SEA PORT)",
      "X_COORDS_A": 59.257466,
      "Y_COORDS_A": 59.257466,
      "Code": "85",
      "PointofEnt": "بحري",
      "type": "sea",
      "POE_CODE": 85,
      "ENG_DESC": "TIWA ",
      "ARB_DESC": "ميناء طيوي",
      "POE_MODE": 1
    },
    "geometry": {
      "type": "Point",
      "coordinates": [
        59.25746619312157,
        22.829467319234954
      ]
    }
  },
  {
    "type": "Feature",
    "properties": {
      "NAME_AR": "ميناء مرباط (بحري)",
      "NAME_EN": "MIRBAAT (SEA PORT)",
      "X_COORDS_A": 54.686079,
      "Y_COORDS_A": 54.686079,
      "Code": "22",
      "PointofEnt": "بحري",
      "type": "sea",
      "POE_CODE": 22,
      "ENG_DESC": "MIRBAAT ",
      "ARB_DESC": "ميناء مرباط (بحري)",
      "POE_MODE": 1
    },
    "geometry": {
      "type": "Point",
      "coordinates": [
        54.68607850138242,
        16.987173642156026
      ]
    }
  },
  {
    "type": "Feature",
    "properties": {
      "NAME_AR": "ميناء الفحل (بحري)",
      "NAME_EN": "MINA AL FAHAL (SEA PORT)",
      "X_COORDS_A": 58.512174,
      "Y_COORDS_A": 58.512174,
      "Code": "03",
      "PointofEnt": "بحري",
      "type": "sea",
      "POE_CODE": 3,
      "ENG_DESC": "MINA AL FAHAL ",
      "ARB_DESC": "ميناء الفحل (بحري)",
      "POE_MODE": 1
    },
    "geometry": {
      "type": "Point",
      "coordinates": [
        58.51217443279409,
        23.62519289678331
      ]
    }
  },
  {
    "type": "Feature",
    "properties": {
      "NAME_AR": "ميناء طاقة (بحري)",
      "NAME_EN": "TAAQA (SEA PORT)",
      "X_COORDS_A": 54.360761,
      "Y_COORDS_A": 54.360761,
      "Code": "23",
      "PointofEnt": "بحري",
      "type": "sea",
      "POE_CODE": 23,
      "ENG_DESC": "TAAQA ",
      "ARB_DESC": "ميناء طاقة (بحري)",
      "POE_MODE": 1
    },
    "geometry": {
      "type": "Point",
      "coordinates": [
        54.36076103686819,
        17.03194265531988
      ]
    }
  },
  {
    "type": "Feature",
    "properties": {
      "NAME_AR": "ميناء سدح (بحري)",
      "NAME_EN": "SADAH (SEA PORT)",
      "X_COORDS_A": 55.072605,
      "Y_COORDS_A": 55.072605,
      "Code": "24",
      "PointofEnt": "بحري",
      "type": "sea",
      "POE_CODE": 24,
      "ENG_DESC": "SADAH ",
      "ARB_DESC": "ميناء سدح (بحري)",
      "POE_MODE": 1
    },
    "geometry": {
      "type": "Point",
      "coordinates": [
        55.07260511553114,
        17.04959372745658
      ]
    }
  },
  {
    "type": "Feature",
    "properties": {
      "NAME_AR": "ميناء السيب (بحري)",
      "NAME_EN": "SEEB (SEA PORT)",
      "X_COORDS_A": 58.177755,
      "Y_COORDS_A": 58.177755,
      "Code": "61",
      "PointofEnt": "بحري",
      "type": "sea",
      "POE_CODE": 61,
      "ENG_DESC": "SEEB ",
      "ARB_DESC": "ميناء السيب (بحري)",
      "POE_MODE": 1
    },
    "geometry": {
      "type": "Point",
      "coordinates": [
        58.177754765207645,
        23.688964187010146
      ]
    }
  },
  {
    "type": "Feature",
    "properties": {
      "NAME_AR": "ميناء بركاء (بحري) ",
      "NAME_EN": "BARKA (SEA PORT)",
      "X_COORDS_A": 57.89627,
      "Y_COORDS_A": 57.89627,
      "Code": "62",
      "PointofEnt": "بحري",
      "type": "sea",
      "POE_CODE": 62,
      "ENG_DESC": "BARKA ",
      "ARB_DESC": "ميناء بركاء (بحري) ",
      "POE_MODE": 1
    },
    "geometry": {
      "type": "Point",
      "coordinates": [
        57.896269789269915,
        23.710776511162784
      ]
    }
  },
  {
    "type": "Feature",
    "properties": {
      "NAME_AR": "ميناء الخابورة",
      "NAME_EN": "KHABOURA (SEA PORT)",
      "X_COORDS_A": 57.122821,
      "Y_COORDS_A": 57.122821,
      "Code": "64",
      "PointofEnt": "بحري",
      "type": "sea",
      "POE_CODE": 64,
      "ENG_DESC": "KHABOURA ",
      "ARB_DESC": "ميناء الخابورة",
      "POE_MODE": 1
    },
    "geometry": {
      "type": "Point",
      "coordinates": [
        57.12282093644648,
        23.967985238537356
      ]
    }
  },
  {
    "type": "Feature",
    "properties": {
      "NAME_AR": "ميناء السويق",
      "NAME_EN": "SUWEIQ (SEA PORT)",
      "X_COORDS_A": 57.441487,
      "Y_COORDS_A": 57.441487,
      "Code": "66",
      "PointofEnt": "بحري",
      "type": "sea",
      "POE_CODE": 66,
      "ENG_DESC": "SUWEIQ ",
      "ARB_DESC": "ميناء السويق",
      "POE_MODE": 1
    },
    "geometry": {
      "type": "Point",
      "coordinates": [
        57.44148707773638,
        23.85223127527404
      ]
    }
  },
  {
    "type": "Feature",
    "properties": {
      "NAME_AR": "ميناء المصنعة",
      "NAME_EN": "MUSANNAH (SEA PORT)",
      "X_COORDS_A": 57.642943,
      "Y_COORDS_A": 57.642943,
      "Code": "65",
      "PointofEnt": "بحري",
      "type": "sea",
      "POE_CODE": 65,
      "ENG_DESC": "MUSANNAH ",
      "ARB_DESC": "ميناء المصنعة",
      "POE_MODE": 1
    },
    "geometry": {
      "type": "Point",
      "coordinates": [
        57.64294338621207,
        23.781667335882794
      ]
    }
  },
  {
    "type": "Feature",
    "properties": {
      "NAME_AR": "ميناء صحم",
      "NAME_EN": "SAHAM (SEA PORT)",
      "X_COORDS_A": 56.906405,
      "Y_COORDS_A": 56.906405,
      "Code": "70",
      "PointofEnt": "بحري",
      "type": "sea",
      "POE_CODE": 70,
      "ENG_DESC": "SAHAM ",
      "ARB_DESC": "ميناء صحم",
      "POE_MODE": 1
    },
    "geometry": {
      "type": "Point",
      "coordinates": [
        56.9064048597752,
        24.152647859959863
      ]
    }
  },
  {
    "type": "Feature",
    "properties": {
      "NAME_AR": "ميناء قريات",
      "NAME_EN": "QURIAT (SEA PORT)",
      "X_COORDS_A": 58.925226,
      "Y_COORDS_A": 58.925226,
      "Code": "80",
      "PointofEnt": "بحري",
      "type": "sea",
      "POE_CODE": 80,
      "ENG_DESC": "QURIAT ",
      "ARB_DESC": "ميناء قريات",
      "POE_MODE": 1
    },
    "geometry": {
      "type": "Point",
      "coordinates": [
        58.92522558317958,
        23.25669634896068
      ]
    }
  },
  {
    "type": "Feature",
    "properties": {
      "NAME_AR": "ميناء دغمر",
      "NAME_EN": "DHAGMAR (SEA PORT)",
      "X_COORDS_A": 58.96689,
      "Y_COORDS_A": 58.96689,
      "Code": "81",
      "PointofEnt": "بحري",
      "type": "sea",
      "POE_CODE": 81,
      "ENG_DESC": "DHAGMAR ",
      "ARB_DESC": "ميناء دغمر",
      "POE_MODE": 1
    },
    "geometry": {
      "type": "Point",
      "coordinates": [
        58.96689027682242,
        23.224749451135786
      ]
    }
  },
  {
    "type": "Feature",
    "properties": {
      "NAME_AR": "ميناء الاشخرة",
      "NAME_EN": "AL.ASHKRA (SEA PORT)",
      "X_COORDS_A": 59.57104,
      "Y_COORDS_A": 59.57104,
      "Code": "86",
      "PointofEnt": "بحري",
      "type": "sea",
      "POE_CODE": 86,
      "ENG_DESC": "AL.ASHKRA ",
      "ARB_DESC": "ميناء الاشخرة",
      "POE_MODE": 1
    },
    "geometry": {
      "type": "Point",
      "coordinates": [
        59.57104031157379,
        21.857029704864654
      ]
    }
  },
  {
    "type": "Feature",
    "properties": {
      "NAME_AR": "منفذ صرفيت (بري)",
      "NAME_EN": "SARFAIT (BORDER POST)",
      "X_COORDS_A": 53.098079,
      "Y_COORDS_A": 53.098079,
      "Code": "19",
      "PointofEnt": "بري",
      "type": "land",
      "POE_CODE": 19,
      "ENG_DESC": "SARFAIT (BORDER POST)",
      "ARB_DESC": "منفذ صرفيت (بري)",
      "POE_MODE": 2
    },
    "geometry": {
      "type": "Point",
      "coordinates": [
        53.09807948655578,
        16.66896914863218
      ]
    }
  },
  {
    "type": "Feature",
    "properties": {
      "NAME_AR": "منفذ ثمريت",
      "NAME_EN": "THUMRAIT (BORDER POST)",
      "X_COORDS_A": 54.037103,
      "Y_COORDS_A": 54.037103,
      "Code": "27",
      "PointofEnt": "بري",
      "type": "land",
      "POE_CODE": 27,
      "ENG_DESC": "THUMRAIT (BORDER POST)",
      "ARB_DESC": "منفذ ثمريت",
      "POE_MODE": 2
    },
    "geometry": {
      "type": "Point",
      "coordinates": [
        54.037103284986024,
        17.61559459560004
      ]
    }
  },
  {
    "type": "Feature",
    "properties": {
      "NAME_AR": "منفذ وادي صاع (بري)",
      "NAME_EN": "WADI SAA (BORDER POST)",
      "X_COORDS_A": 56.067747,
      "Y_COORDS_A": 56.067747,
      "Code": "44",
      "PointofEnt": "بري",
      "type": "land",
      "POE_CODE": 44,
      "ENG_DESC": "WADI SAA (BORDER POST)",
      "ARB_DESC": "منفذ وادي صاع (بري)",
      "POE_MODE": 2
    },
    "geometry": {
      "type": "Point",
      "coordinates": [
        56.06774732735487,
        24.051256458909222
      ]
    }
  },
  {
    "type": "Feature",
    "properties": {
      "NAME_AR": "منفذ البريمي الجديد",
      "NAME_EN": "NEW AL BURAIMI CROSSING",
      "X_COORDS_A": 55.769707,
      "Y_COORDS_A": 55.769707,
      "Code": "45",
      "PointofEnt": "بري",
      "type": "land",
      "POE_CODE": 45,
      "ENG_DESC": "NEW AL BURAIMI CROSSING",
      "ARB_DESC": "منفذ البريمي الجديد",
      "POE_MODE": 2
    },
    "geometry": {
      "type": "Point",
      "coordinates": [
        55.769706598535706,
        24.23416362808091
      ]
    }
  },
  {
    "type": "Feature",
    "properties": {
      "NAME_AR": "مكتب بريد مطرح",
      "NAME_EN": "MUTTRAH POST OFFICE",
      "X_COORDS_A": 58.557278,
      "Y_COORDS_A": 58.557278,
      "Code": "04",
      "PointofEnt": "جوي",
      "type": "air",
      "POE_CODE": 4,
      "ENG_DESC": "MUTTRAH POST OFFICE",
      "ARB_DESC": "مكتب بريد مطرح",
      "POE_MODE": 3
    },
    "geometry": {
      "type": "Point",
      "coordinates": [
        58.55727846693473,
        23.62373894690149
      ]
    }
  },
  {
    "type": "Feature",
    "properties": {
      "NAME_AR": "مطار صلالة الشحن",
      "NAME_EN": "SALALAH AIRPORT (CARGO)",
      "X_COORDS_A": 54.083491,
      "Y_COORDS_A": 54.083491,
      "Code": "26",
      "PointofEnt": "جوي",
      "type": "air",
      "POE_CODE": 26,
      "ENG_DESC": "SALALAH AIRPORT (CARGO)",
      "ARB_DESC": "مطار صلالة الشحن",
      "POE_MODE": 3
    },
    "geometry": {
      "type": "Point",
      "coordinates": [
        54.08349084220522,
        17.046400323310746
      ]
    }
  },
  {
    "type": "Feature",
    "properties": {
      "NAME_AR": "ميناء مجيس",
      "NAME_EN": "MAGEES ( SEA PORT )",
      "X_COORDS_A": 56.638671,
      "Y_COORDS_A": 56.638671,
      "Code": "72",
      "PointofEnt": "بحري",
      "type": "sea",
      "POE_CODE": 72,
      "ENG_DESC": "MAGEES ",
      "ARB_DESC": "ميناء مجيس",
      "POE_MODE": 1
    },
    "geometry": {
      "type": "Point",
      "coordinates": [
        56.63867096828664,
        24.473326942476337
      ]
    }
  },
  {
    "type": "Feature",
    "properties": {
      "NAME_AR": "منفذ السلطان قابوس (بري)",
      "NAME_EN": "SULTAN QABOOS (BORDER PORT)",
      "X_COORDS_A": 58.562497,
      "Y_COORDS_A": 58.562497,
      "Code": "02",
      "PointofEnt": "بري",
      "type": "land",
      "POE_CODE": 2,
      "ENG_DESC": "MINA SULTAN QABOOS (BORDER POST)",
      "ARB_DESC": "منفذ السلطان قابوس (بري)",
      "POE_MODE": 2
    },
    "geometry": {
      "type": "Point",
      "coordinates": [
        58.56249733306733,
        23.626604287468535
      ]
    }
  },
  {
    "type": "Feature",
    "properties": {
      "NAME_AR": "مكتب البريد العاجل",
      "NAME_EN": "EXPRESS POST OFFICE",
      "X_COORDS_A": 58.292412,
      "Y_COORDS_A": 58.292412,
      "Code": "08",
      "PointofEnt": "جوي",
      "type": "air",
      "POE_CODE": 8,
      "ENG_DESC": "EXPRESS POST OFFICE",
      "ARB_DESC": "مكتب البريد العاجل",
      "POE_MODE": 3
    },
    "geometry": {
      "type": "Point",
      "coordinates": [
        58.29241236090726,
        23.58405879002121
      ]
    }
  },
  {
    "type": "Feature",
    "properties": {
      "NAME_AR": "منفذ الرسيل (بري)",
      "NAME_EN": "AL.RUSSAIL ( BORDER POST )",
      "X_COORDS_A": 58.205219,
      "Y_COORDS_A": 58.205219,
      "Code": "05",
      "PointofEnt": "بري",
      "type": "land",
      "POE_CODE": 5,
      "ENG_DESC": "AL.RUSSAIL (BORDER POST)",
      "ARB_DESC": "منفذ الرسيل (بري)",
      "POE_MODE": 2
    },
    "geometry": {
      "type": "Point",
      "coordinates": [
        58.205218773669344,
        23.557381470626
      ]
    }
  },
  {
    "type": "Feature",
    "properties": {
      "NAME_AR": "منفذ الروضة",
      "NAME_EN": "AL RAWDHA CROSSING",
      "X_COORDS_A": 55.935518,
      "Y_COORDS_A": 55.935518,
      "Code": "46",
      "PointofEnt": "بري",
      "type": "land",
      "POE_CODE": 46,
      "ENG_DESC": "AL RAWDHA CROSSING",
      "ARB_DESC": "منفذ الروضة",
      "POE_MODE": 2
    },
    "geometry": {
      "type": "Point",
      "coordinates": [
        55.93551763216399,
        24.82711921868634
      ]
    }
  },
  {
    "type": "Feature",
    "properties": {
      "NAME_AR": "ميناء الخضراء (بحري)",
      "NAME_EN": "KADRA ( SEA PORT )",
      "X_COORDS_A": 57.289116,
      "Y_COORDS_A": 57.289116,
      "Code": "67",
      "PointofEnt": "بحري",
      "type": "sea",
      "POE_CODE": 67,
      "ENG_DESC": "KADRA ",
      "ARB_DESC": "ميناء الخضراء (بحري)",
      "POE_MODE": 1
    },
    "geometry": {
      "type": "Point",
      "coordinates": [
        57.2891156954794,
        23.894325074745733
      ]
    }
  }
]
}
